dna_score,tier,tier_name,confidence,prob_beginner,prob_intermediate,prob_expert
35.3,1,Intermediate,0.559,0.398,0.559,0.043
77.4,2,Expert,0.892,0.024,0.085,0.892
56.7,1,Intermediate,0.798,0.054,0.798,0.148
26.5,0,Beginner,0.878,0.878,0.066,0.055
56.0,1,Intermediate,0.512,0.026,0.512,0.462
54.4,1,Intermediate,0.538,0.042,0.538,0.421
55.9,1,Intermediate,0.707,0.083,0.707,0.21
68.6,2,Expert,0.859,0.012,0.128,0.859
24.8,0,Beginner,0.915,0.915,0.07,0.015
27.6,0,Beginner,0.848,0.848,0.131,0.021
74.1,2,Expert,0.539,0.021,0.44,0.539
71.5,2,Expert,0.867,0.077,0.056,0.867
54.7,1,Intermediate,0.624,0.037,0.624,0.339
25.9,0,Beginner,0.893,0.893,0.048,0.059
14.2,0,Beginner,0.924,0.924,0.042,0.034
44.8,1,Intermediate,0.894,0.018,0.894,0.088
75.2,2,Expert,0.903,0.053,0.044,0.903
17.6,0,Beginner,0.905,0.905,0.042,0.053
24.6,0,Beginner,0.881,0.881,0.089,0.031
44.6,1,Intermediate,0.897,0.075,0.897,0.027
79.3,2,Expert,0.923,0.031,0.047,0.923
41.0,1,Intermediate,0.865,0.072,0.865,0.063
39.4,1,Intermediate,0.811,0.169,0.811,0.02
49.6,1,Intermediate,0.84,0.056,0.84,0.104
68.9,2,Expert,0.866,0.011,0.122,0.866
28.5,0,Beginner,0.865,0.865,0.112,0.023
70.9,2,Expert,0.894,0.017,0.089,0.894
31.8,0,Beginner,0.59,0.59,0.383,0.026
76.0,2,Expert,0.807,0.061,0.133,0.807
47.5,1,Intermediate,0.835,0.116,0.835,0.05
21.4,0,Beginner,0.926,0.926,0.028,0.046
72.3,2,Expert,0.901,0.018,0.081,0.901
17.0,0,Beginner,0.94,0.94,0.037,0.023
52.1,1,Intermediate,0.797,0.165,0.797,0.038
25.6,0,Beginner,0.623,0.623,0.357,0.02
48.7,1,Intermediate,0.842,0.057,0.842,0.101
51.1,1,Intermediate,0.494,0.05,0.494,0.456
50.3,1,Intermediate,0.853,0.061,0.853,0.085
51.9,1,Intermediate,0.843,0.107,0.843,0.05
28.8,0,Beginner,0.811,0.811,0.169,0.02
68.9,2,Expert,0.662,0.014,0.325,0.662
66.4,2,Expert,0.564,0.062,0.374,0.564
16.8,0,Beginner,0.928,0.928,0.026,0.046
76.6,2,Expert,0.868,0.035,0.097,0.868
20.8,0,Beginner,0.917,0.917,0.043,0.04
30.9,0,Beginner,0.735,0.735,0.227,0.038
16.5,0,Beginner,0.903,0.903,0.069,0.028
49.0,1,Intermediate,0.721,0.222,0.721,0.057
30.1,0,Beginner,0.602,0.602,0.362,0.036
20.7,0,Beginner,0.923,0.923,0.038,0.039
75.6,2,Expert,0.882,0.025,0.094,0.882
66.3,2,Expert,0.781,0.052,0.167,0.781
25.9,0,Beginner,0.827,0.827,0.142,0.031
47.9,1,Intermediate,0.831,0.072,0.831,0.096
27.7,0,Beginner,0.931,0.931,0.057,0.012
76.7,2,Expert,0.912,0.045,0.043,0.912
66.0,2,Expert,0.733,0.06,0.207,0.733
77.9,2,Expert,0.924,0.012,0.064,0.924
76.0,2,Expert,0.912,0.017,0.071,0.912
69.9,2,Expert,0.811,0.014,0.175,0.811
19.9,0,Beginner,0.92,0.92,0.015,0.066
48.1,1,Intermediate,0.832,0.077,0.832,0.091
53.3,1,Intermediate,0.79,0.099,0.79,0.11
29.5,0,Beginner,0.908,0.908,0.078,0.014
74.9,2,Expert,0.793,0.017,0.19,0.793
27.8,0,Beginner,0.656,0.656,0.329,0.015
46.3,1,Intermediate,0.812,0.024,0.812,0.164
47.1,1,Intermediate,0.873,0.066,0.873,0.061
68.5,2,Expert,0.705,0.018,0.278,0.705
74.9,2,Expert,0.904,0.016,0.08,0.904
24.3,0,Beginner,0.864,0.864,0.113,0.023
56.8,1,Intermediate,0.632,0.025,0.632,0.343
44.2,1,Intermediate,0.811,0.168,0.811,0.021
71.2,2,Expert,0.823,0.029,0.147,0.823
21.6,0,Beginner,0.928,0.928,0.045,0.027
72.3,2,Expert,0.86,0.028,0.112,0.86
25.3,0,Beginner,0.903,0.903,0.081,0.015
72.6,2,Expert,0.623,0.046,0.331,0.623
16.8,0,Beginner,0.932,0.932,0.037,0.031
72.5,2,Expert,0.874,0.036,0.091,0.874
41.7,1,Intermediate,0.724,0.194,0.724,0.081
52.8,1,Intermediate,0.494,0.025,0.494,0.481
82.7,2,Expert,0.919,0.063,0.018,0.919
47.9,1,Intermediate,0.802,0.057,0.802,0.14
26.6,0,Beginner,0.935,0.935,0.054,0.011
26.5,0,Beginner,0.93,0.93,0.061,0.01
70.8,2,Expert,0.836,0.052,0.112,0.836
48.5,1,Intermediate,0.814,0.101,0.814,0.085
25.2,0,Beginner,0.934,0.934,0.055,0.011
19.8,0,Beginner,0.941,0.941,0.05,0.01
36.6,0,Beginner,0.691,0.691,0.291,0.018
49.5,1,Intermediate,0.856,0.032,0.856,0.111
23.7,0,Beginner,0.918,0.918,0.036,0.046
72.7,2,Expert,0.8,0.044,0.156,0.8
45.8,1,Intermediate,0.865,0.104,0.865,0.031
76.1,2,Expert,0.892,0.032,0.076,0.892
51.4,1,Intermediate,0.926,0.042,0.926,0.032
25.3,0,Beginner,0.851,0.851,0.118,0.031
21.4,0,Beginner,0.918,0.918,0.053,0.029
82.9,2,Expert,0.924,0.031,0.044,0.924
23.1,0,Beginner,0.921,0.921,0.057,0.021
46.3,1,Intermediate,0.733,0.215,0.733,0.052
75.8,2,Expert,0.881,0.038,0.082,0.881
27.4,0,Beginner,0.712,0.712,0.233,0.055
26.2,0,Beginner,0.807,0.807,0.163,0.029
70.5,2,Expert,0.826,0.047,0.127,0.826
59.2,1,Intermediate,0.571,0.062,0.571,0.367
54.5,1,Intermediate,0.886,0.063,0.886,0.051
49.7,1,Intermediate,0.8,0.075,0.8,0.125
30.6,0,Beginner,0.609,0.609,0.333,0.058
71.6,2,Expert,0.667,0.058,0.274,0.667
78.5,2,Expert,0.894,0.016,0.09,0.894
23.1,0,Beginner,0.923,0.923,0.028,0.049
48.2,1,Intermediate,0.89,0.036,0.89,0.073
77.5,2,Expert,0.894,0.017,0.089,0.894
75.6,2,Expert,0.803,0.081,0.115,0.803
50.0,1,Intermediate,0.747,0.203,0.747,0.05
29.1,0,Beginner,0.888,0.888,0.098,0.014
70.7,2,Expert,0.658,0.027,0.315,0.658
20.2,0,Beginner,0.929,0.929,0.016,0.056
51.0,1,Intermediate,0.859,0.022,0.859,0.119
80.1,2,Expert,0.91,0.019,0.07,0.91
75.4,2,Expert,0.717,0.024,0.259,0.717
40.3,1,Intermediate,0.535,0.423,0.535,0.042
40.8,1,Intermediate,0.582,0.384,0.582,0.034
72.6,2,Expert,0.887,0.02,0.093,0.887
46.6,1,Intermediate,0.842,0.139,0.842,0.019
24.2,0,Beginner,0.923,0.923,0.044,0.034
51.4,1,Intermediate,0.911,0.019,0.911,0.07
60.5,1,Intermediate,0.562,0.027,0.562,0.411
19.8,0,Beginner,0.927,0.927,0.06,0.013
57.7,1,Intermediate,0.727,0.027,0.727,0.246
51.6,1,Intermediate,0.894,0.022,0.894,0.085
69.5,2,Expert,0.831,0.025,0.144,0.831
75.3,2,Expert,0.6,0.102,0.298,0.6
46.1,1,Intermediate,0.839,0.103,0.839,0.058
76.2,2,Expert,0.92,0.016,0.064,0.92
75.4,2,Expert,0.794,0.04,0.166,0.794
21.0,0,Beginner,0.932,0.932,0.027,0.041
71.6,2,Expert,0.607,0.038,0.355,0.607
29.5,0,Beginner,0.771,0.771,0.206,0.023
70.8,2,Expert,0.726,0.038,0.236,0.726
71.1,2,Expert,0.744,0.02,0.236,0.744
68.5,2,Expert,0.8,0.022,0.178,0.8
26.6,0,Beginner,0.734,0.734,0.254,0.012
60.8,1,Intermediate,0.529,0.032,0.529,0.439
54.6,1,Intermediate,0.569,0.027,0.569,0.404
74.0,2,Expert,0.84,0.036,0.124,0.84
52.3,1,Intermediate,0.769,0.013,0.769,0.218
31.2,0,Beginner,0.923,0.923,0.039,0.037
44.1,1,Intermediate,0.861,0.073,0.861,0.066
25.3,0,Beginner,0.885,0.885,0.068,0.047
80.1,2,Expert,0.931,0.012,0.057,0.931
50.8,1,Intermediate,0.879,0.029,0.879,0.092
41.1,1,Intermediate,0.651,0.324,0.651,0.025
53.4,1,Intermediate,0.776,0.062,0.776,0.162
48.8,1,Intermediate,0.762,0.036,0.762,0.203
71.8,2,Expert,0.865,0.048,0.087,0.865
28.5,0,Beginner,0.869,0.869,0.117,0.015
42.7,1,Intermediate,0.831,0.128,0.831,0.041
50.6,1,Intermediate,0.792,0.184,0.792,0.025
70.1,2,Expert,0.787,0.027,0.186,0.787
23.7,0,Beginner,0.84,0.84,0.147,0.013
78.1,2,Expert,0.702,0.031,0.266,0.702
42.8,1,Intermediate,0.79,0.153,0.79,0.057
32.2,0,Beginner,0.715,0.715,0.162,0.123
52.0,1,Intermediate,0.817,0.021,0.817,0.162
18.6,0,Beginner,0.895,0.895,0.05,0.055
32.9,0,Beginner,0.932,0.932,0.045,0.024
72.6,2,Expert,0.728,0.089,0.183,0.728
28.2,0,Beginner,0.823,0.823,0.147,0.03
22.8,0,Beginner,0.6,0.6,0.379,0.021
53.4,1,Intermediate,0.912,0.05,0.912,0.038
80.5,2,Expert,0.935,0.011,0.054,0.935
75.5,2,Expert,0.917,0.011,0.072,0.917
39.8,1,Intermediate,0.877,0.076,0.877,0.047
49.6,1,Intermediate,0.809,0.044,0.809,0.147
80.4,2,Expert,0.881,0.059,0.06,0.881
82.1,2,Expert,0.906,0.036,0.057,0.906
68.0,2,Expert,0.682,0.025,0.293,0.682
30.9,0,Beginner,0.806,0.806,0.168,0.025
25.7,0,Beginner,0.871,0.871,0.066,0.063
30.2,0,Beginner,0.856,0.856,0.108,0.036
74.8,2,Expert,0.897,0.079,0.024,0.897
19.4,0,Beginner,0.773,0.773,0.144,0.082
51.6,1,Intermediate,0.844,0.135,0.844,0.021
49.0,1,Intermediate,0.557,0.036,0.557,0.407
49.0,1,Intermediate,0.853,0.023,0.853,0.124
40.6,1,Intermediate,0.83,0.13,0.83,0.04
82.7,2,Expert,0.644,0.016,0.339,0.644
45.4,1,Intermediate,0.86,0.08,0.86,0.059
24.2,0,Beginner,0.842,0.842,0.143,0.015
22.2,0,Beginner,0.93,0.93,0.044,0.027
35.3,0,Beginner,0.718,0.718,0.266,0.016
49.8,1,Intermediate,0.888,0.033,0.888,0.079
80.0,2,Expert,0.673,0.022,0.305,0.673
52.5,1,Intermediate,0.878,0.077,0.878,0.045
74.3,2,Expert,0.871,0.082,0.047,0.871
17.2,0,Beginner,0.915,0.915,0.065,0.02
75.6,2,Expert,0.864,0.014,0.121,0.864
17.8,0,Beginner,0.911,0.911,0.073,0.016
67.0,2,Expert,0.702,0.02,0.278,0.702
27.2,0,Beginner,0.916,0.916,0.067,0.017
48.6,1,Intermediate,0.868,0.115,0.868,0.017
43.3,1,Intermediate,0.688,0.288,0.688,0.024
53.9,1,Intermediate,0.805,0.029,0.805,0.167
79.5,2,Expert,0.893,0.034,0.073,0.893
73.7,2,Expert,0.532,0.144,0.324,0.532
80.6,2,Expert,0.916,0.035,0.048,0.916
75.8,2,Expert,0.908,0.072,0.02,0.908
74.5,2,Expert,0.823,0.034,0.143,0.823
48.5,1,Intermediate,0.869,0.07,0.869,0.062
75.5,2,Expert,0.868,0.022,0.11,0.868
73.9,2,Expert,0.625,0.054,0.321,0.625
23.2,0,Beginner,0.882,0.882,0.099,0.019
42.8,1,Intermediate,0.739,0.2,0.739,0.061
71.6,2,Expert,0.854,0.027,0.119,0.854
71.1,2,Expert,0.808,0.016,0.176,0.808
24.6,0,Beginner,0.936,0.936,0.025,0.039
19.8,0,Beginner,0.916,0.916,0.009,0.075
73.3,2,Expert,0.779,0.022,0.199,0.779
72.4,2,Expert,0.705,0.016,0.279,0.705
77.2,2,Expert,0.909,0.022,0.068,0.909
23.7,0,Beginner,0.91,0.91,0.05,0.04
28.8,0,Beginner,0.929,0.929,0.04,0.031
77.8,2,Expert,0.841,0.027,0.132,0.841
49.4,1,Intermediate,0.902,0.026,0.902,0.072
51.2,1,Intermediate,0.85,0.081,0.85,0.069
71.8,2,Expert,0.873,0.043,0.084,0.873
44.8,1,Intermediate,0.849,0.091,0.849,0.06
74.2,2,Expert,0.878,0.017,0.105,0.878
28.1,0,Beginner,0.929,0.929,0.04,0.031
34.6,0,Beginner,0.736,0.736,0.226,0.038
25.4,0,Beginner,0.899,0.899,0.088,0.013
22.4,0,Beginner,0.932,0.932,0.04,0.028
85.5,2,Expert,0.873,0.017,0.11,0.873
23.6,0,Beginner,0.927,0.927,0.025,0.048
43.5,1,Intermediate,0.864,0.078,0.864,0.058
67.5,2,Expert,0.656,0.021,0.323,0.656
73.0,2,Expert,0.873,0.019,0.108,0.873
21.2,0,Beginner,0.926,0.926,0.031,0.044
76.0,2,Expert,0.922,0.044,0.033,0.922
31.2,0,Beginner,0.872,0.872,0.095,0.033
18.5,0,Beginner,0.929,0.929,0.012,0.059
50.9,1,Intermediate,0.763,0.018,0.763,0.219
46.4,1,Intermediate,0.91,0.017,0.91,0.073
51.9,1,Intermediate,0.891,0.067,0.891,0.042
28.4,0,Beginner,0.821,0.821,0.159,0.02
52.0,1,Intermediate,0.764,0.033,0.764,0.202
23.8,0,Beginner,0.912,0.912,0.052,0.036
48.6,1,Intermediate,0.823,0.138,0.823,0.039
47.3,1,Intermediate,0.89,0.049,0.89,0.062
45.1,1,Intermediate,0.76,0.115,0.76,0.126
74.8,2,Expert,0.913,0.07,0.016,0.913
27.8,0,Beginner,0.843,0.843,0.051,0.106
47.1,1,Intermediate,0.889,0.074,0.889,0.038
79.5,2,Expert,0.91,0.015,0.076,0.91
47.5,1,Intermediate,0.842,0.071,0.842,0.087
75.9,2,Expert,0.931,0.057,0.012,0.931
27.1,0,Beginner,0.863,0.863,0.062,0.074
19.3,0,Beginner,0.921,0.921,0.027,0.051
76.8,2,Expert,0.912,0.06,0.028,0.912
77.0,2,Expert,0.922,0.05,0.028,0.922
28.2,0,Beginner,0.913,0.913,0.065,0.022
71.4,2,Expert,0.868,0.022,0.11,0.868
29.3,0,Beginner,0.924,0.924,0.066,0.01
57.9,1,Intermediate,0.835,0.063,0.835,0.102
40.3,1,Intermediate,0.585,0.398,0.585,0.017
67.7,2,Expert,0.576,0.022,0.402,0.576
47.0,1,Intermediate,0.818,0.153,0.818,0.029
80.1,2,Expert,0.913,0.065,0.022,0.913
23.6,0,Beginner,0.924,0.924,0.065,0.011
39.8,0,Beginner,0.445,0.445,0.413,0.143
73.1,2,Expert,0.683,0.044,0.273,0.683
20.5,0,Beginner,0.93,0.93,0.033,0.037
74.8,2,Expert,0.912,0.016,0.072,0.912
51.1,1,Intermediate,0.818,0.026,0.818,0.156
50.8,1,Intermediate,0.865,0.036,0.865,0.099
61.4,1,Intermediate,0.61,0.019,0.61,0.37
47.3,1,Intermediate,0.861,0.103,0.861,0.035
24.3,0,Beginner,0.924,0.924,0.03,0.047
79.3,2,Expert,0.932,0.039,0.029,0.932
27.9,0,Beginner,0.819,0.819,0.165,0.016
27.8,0,Beginner,0.781,0.781,0.176,0.043
20.9,0,Beginner,0.925,0.925,0.045,0.03
69.7,2,Expert,0.582,0.073,0.345,0.582
13.0,0,Beginner,0.934,0.934,0.024,0.043
51.7,1,Intermediate,0.82,0.113,0.82,0.067
44.4,1,Intermediate,0.836,0.124,0.836,0.04
74.5,2,Expert,0.94,0.009,0.051,0.94
63.5,2,Expert,0.715,0.029,0.256,0.715
77.3,2,Expert,0.883,0.025,0.093,0.883
77.8,2,Expert,0.917,0.014,0.069,0.917
76.9,2,Expert,0.773,0.02,0.207,0.773
20.5,0,Beginner,0.897,0.897,0.018,0.084
30.9,0,Beginner,0.924,0.924,0.031,0.044
42.8,1,Intermediate,0.714,0.269,0.714,0.017
50.7,1,Intermediate,0.842,0.116,0.842,0.042
78.9,2,Expert,0.852,0.047,0.102,0.852
24.2,0,Beginner,0.7,0.7,0.275,0.025
79.4,2,Expert,0.938,0.011,0.051,0.938
79.5,2,Expert,0.903,0.019,0.078,0.903
25.4,0,Beginner,0.867,0.867,0.099,0.034
76.5,2,Expert,0.91,0.016,0.074,0.91
45.0,1,Intermediate,0.818,0.152,0.818,0.03
41.5,0,Beginner,0.471,0.471,0.406,0.122
52.7,1,Intermediate,0.804,0.04,0.804,0.157
23.6,0,Beginner,0.901,0.901,0.076,0.022
67.6,2,Expert,0.818,0.026,0.155,0.818
47.4,1,Intermediate,0.772,0.079,0.772,0.149
22.4,0,Beginner,0.905,0.905,0.022,0.073
27.7,0,Beginner,0.928,0.928,0.04,0.032
36.0,0,Beginner,0.682,0.682,0.268,0.051
13.0,0,Beginner,0.929,0.929,0.027,0.043
73.0,2,Expert,0.851,0.042,0.107,0.851
69.7,2,Expert,0.882,0.012,0.106,0.882
42.9,1,Intermediate,0.682,0.28,0.682,0.038
70.7,2,Expert,0.834,0.02,0.145,0.834
55.0,1,Intermediate,0.893,0.065,0.893,0.042
24.2,0,Beginner,0.924,0.924,0.034,0.042
49.4,1,Intermediate,0.837,0.089,0.837,0.074
75.2,2,Expert,0.724,0.03,0.245,0.724
23.1,0,Beginner,0.926,0.926,0.015,0.059
15.1,0,Beginner,0.92,0.92,0.054,0.026
51.9,1,Intermediate,0.811,0.031,0.811,0.158
66.6,2,Expert,0.559,0.033,0.408,0.559
75.1,2,Expert,0.775,0.029,0.195,0.775
42.6,1,Intermediate,0.833,0.103,0.833,0.064
70.9,2,Expert,0.841,0.093,0.066,0.841
52.0,1,Intermediate,0.56,0.02,0.56,0.42
76.2,2,Expert,0.866,0.018,0.116,0.866
68.6,2,Expert,0.897,0.016,0.086,0.897
44.4,1,Intermediate,0.723,0.241,0.723,0.036
72.5,2,Expert,0.888,0.016,0.096,0.888
44.7,1,Intermediate,0.816,0.033,0.816,0.151
19.7,0,Beginner,0.871,0.871,0.107,0.022
51.1,1,Intermediate,0.785,0.032,0.785,0.183
73.7,2,Expert,0.9,0.058,0.042,0.9
82.8,2,Expert,0.927,0.034,0.039,0.927
17.0,0,Beginner,0.92,0.92,0.016,0.064
76.9,2,Expert,0.936,0.011,0.053,0.936
15.7,0,Beginner,0.934,0.934,0.025,0.041
78.4,2,Expert,0.926,0.029,0.045,0.926
28.4,0,Beginner,0.633,0.633,0.321,0.047
55.1,1,Intermediate,0.74,0.029,0.74,0.231
53.9,1,Intermediate,0.847,0.038,0.847,0.114
76.3,2,Expert,0.71,0.022,0.268,0.71
17.5,0,Beginner,0.923,0.923,0.051,0.026
48.0,1,Intermediate,0.795,0.11,0.795,0.095
68.2,2,Expert,0.663,0.046,0.291,0.663
76.0,2,Expert,0.928,0.041,0.031,0.928
51.9,1,Intermediate,0.693,0.02,0.693,0.287
76.7,2,Expert,0.9,0.014,0.086,0.9
28.8,0,Beginner,0.686,0.686,0.3,0.014
54.4,1,Intermediate,0.806,0.037,0.806,0.157
22.5,0,Beginner,0.901,0.901,0.087,0.012
24.3,0,Beginner,0.941,0.941,0.035,0.024
28.3,0,Beginner,0.55,0.55,0.434,0.016
46.8,1,Intermediate,0.855,0.028,0.855,0.117
77.8,2,Expert,0.922,0.043,0.035,0.922
51.0,1,Intermediate,0.725,0.033,0.725,0.241
42.8,1,Intermediate,0.814,0.162,0.814,0.024
45.7,1,Intermediate,0.758,0.199,0.758,0.042
44.4,1,Intermediate,0.7,0.262,0.7,0.038
35.3,0,Beginner,0.791,0.791,0.192,0.017
33.1,0,Beginner,0.576,0.576,0.394,0.031
22.1,0,Beginner,0.912,0.912,0.068,0.02
79.3,2,Expert,0.921,0.061,0.018,0.921
64.3,2,Expert,0.511,0.031,0.458,0.511
54.7,1,Intermediate,0.92,0.013,0.92,0.067
83.3,2,Expert,0.925,0.05,0.025,0.925
50.5,1,Intermediate,0.87,0.108,0.87,0.021
25.4,0,Beginner,0.933,0.933,0.024,0.043
27.8,0,Beginner,0.581,0.581,0.38,0.039
58.5,1,Intermediate,0.75,0.031,0.75,0.219
71.4,2,Expert,0.784,0.057,0.159,0.784
32.3,0,Beginner,0.719,0.719,0.246,0.035
75.8,2,Expert,0.637,0.182,0.181,0.637
46.7,1,Intermediate,0.853,0.088,0.853,0.059
25.7,0,Beginner,0.888,0.888,0.095,0.016
48.4,1,Intermediate,0.747,0.23,0.747,0.024
71.5,2,Expert,0.933,0.039,0.028,0.933
46.6,1,Intermediate,0.643,0.328,0.643,0.029
46.5,1,Intermediate,0.863,0.076,0.863,0.061
74.0,2,Expert,0.851,0.055,0.094,0.851
62.9,2,Expert,0.516,0.029,0.455,0.516
48.0,1,Intermediate,0.856,0.051,0.856,0.093
24.6,0,Beginner,0.915,0.915,0.074,0.012
29.7,0,Beginner,0.882,0.882,0.074,0.044
22.2,0,Beginner,0.936,0.936,0.024,0.04
45.6,1,Intermediate,0.68,0.266,0.68,0.054
47.6,1,Intermediate,0.778,0.171,0.778,0.051
78.4,2,Expert,0.921,0.052,0.027,0.921
29.2,0,Beginner,0.84,0.84,0.141,0.019
69.1,2,Expert,0.61,0.033,0.357,0.61
73.8,2,Expert,0.842,0.024,0.135,0.842
29.7,0,Beginner,0.859,0.859,0.112,0.029
80.5,2,Expert,0.918,0.056,0.026,0.918
44.2,1,Intermediate,0.794,0.158,0.794,0.048
73.0,2,Expert,0.752,0.026,0.223,0.752
51.4,1,Intermediate,0.884,0.083,0.884,0.033
25.6,0,Beginner,0.81,0.81,0.119,0.071
80.9,2,Expert,0.918,0.01,0.072,0.918
47.3,1,Intermediate,0.872,0.03,0.872,0.098
46.1,1,Intermediate,0.795,0.183,0.795,0.023
52.6,1,Intermediate,0.867,0.088,0.867,0.045
77.9,2,Expert,0.854,0.053,0.093,0.854
50.9,1,Intermediate,0.774,0.035,0.774,0.191
41.9,1,Intermediate,0.844,0.126,0.844,0.031
52.4,1,Intermediate,0.87,0.049,0.87,0.081
76.5,2,Expert,0.898,0.016,0.086,0.898
74.6,2,Expert,0.91,0.069,0.021,0.91
19.8,0,Beginner,0.94,0.94,0.024,0.036
22.4,0,Beginner,0.922,0.922,0.047,0.031
75.3,2,Expert,0.9,0.021,0.079,0.9
47.6,1,Intermediate,0.773,0.164,0.773,0.063
71.4,2,Expert,0.897,0.017,0.085,0.897
63.2,2,Expert,0.569,0.029,0.402,0.569
74.0,2,Expert,0.888,0.017,0.095,0.888
51.9,1,Intermediate,0.867,0.026,0.867,0.108
81.0,2,Expert,0.908,0.015,0.077,0.908
73.3,2,Expert,0.837,0.031,0.132,0.837
84.6,2,Expert,0.933,0.03,0.037,0.933
73.2,2,Expert,0.748,0.047,0.205,0.748
23.5,0,Beginner,0.522,0.522,0.453,0.025
36.7,1,Intermediate,0.526,0.442,0.526,0.032
76.5,2,Expert,0.905,0.052,0.043,0.905
69.7,2,Expert,0.808,0.044,0.148,0.808
19.8,0,Beginner,0.803,0.803,0.152,0.045
21.1,0,Beginner,0.938,0.938,0.025,0.037
75.9,2,Expert,0.933,0.013,0.054,0.933
26.1,0,Beginner,0.681,0.681,0.272,0.046
43.5,1,Intermediate,0.603,0.368,0.603,0.029
30.6,0,Beginner,0.916,0.916,0.072,0.012
47.1,1,Intermediate,0.856,0.043,0.856,0.102
45.6,1,Intermediate,0.683,0.25,0.683,0.067
17.3,0,Beginner,0.924,0.924,0.023,0.053
41.8,1,Intermediate,0.683,0.297,0.683,0.02
43.3,1,Intermediate,0.886,0.085,0.886,0.029
47.4,1,Intermediate,0.736,0.113,0.736,0.151
22.6,0,Beginner,0.926,0.926,0.031,0.043
46.0,1,Intermediate,0.875,0.097,0.875,0.028
73.7,2,Expert,0.75,0.029,0.221,0.75
22.4,0,Beginner,0.678,0.678,0.285,0.037
44.4,1,Intermediate,0.732,0.24,0.732,0.028
73.7,2,Expert,0.826,0.018,0.156,0.826
56.8,1,Intermediate,0.518,0.025,0.518,0.456
77.0,2,Expert,0.587,0.029,0.384,0.587
48.8,1,Intermediate,0.879,0.026,0.879,0.096
44.4,1,Intermediate,0.85,0.112,0.85,0.038
51.4,1,Intermediate,0.81,0.047,0.81,0.143
27.1,0,Beginner,0.928,0.928,0.028,0.044
68.5,2,Expert,0.892,0.02,0.088,0.892
26.0,0,Beginner,0.773,0.773,0.166,0.061
67.5,2,Expert,0.86,0.013,0.127,0.86
32.1,0,Beginner,0.665,0.665,0.318,0.017
26.6,0,Beginner,0.8,0.8,0.157,0.043
52.4,1,Intermediate,0.811,0.047,0.811,0.142
36.2,0,Beginner,0.754,0.754,0.227,0.018
48.4,1,Intermediate,0.836,0.138,0.836,0.026
17.2,0,Beginner,0.928,0.928,0.042,0.03
51.8,1,Intermediate,0.809,0.05,0.809,0.141
22.4,0,Beginner,0.922,0.922,0.064,0.014
16.4,0,Beginner,0.943,0.943,0.047,0.01
71.0,2,Expert,0.888,0.05,0.062,0.888
47.6,1,Intermediate,0.768,0.043,0.768,0.188
22.7,0,Beginner,0.924,0.924,0.045,0.03
44.1,1,Intermediate,0.702,0.268,0.702,0.029
74.8,2,Expert,0.925,0.04,0.035,0.925
51.8,1,Intermediate,0.601,0.033,0.601,0.365
78.2,2,Expert,0.925,0.013,0.062,0.925
72.5,2,Expert,0.886,0.024,0.09,0.886
72.7,2,Expert,0.816,0.023,0.161,0.816
23.0,0,Beginner,0.886,0.886,0.081,0.034
74.7,2,Expert,0.895,0.031,0.073,0.895
25.7,0,Beginner,0.795,0.795,0.189,0.016
28.5,0,Beginner,0.542,0.542,0.409,0.048
46.3,1,Intermediate,0.858,0.096,0.858,0.046
48.5,1,Intermediate,0.88,0.084,0.88,0.035
20.7,0,Beginner,0.892,0.892,0.096,0.012
43.4,1,Intermediate,0.556,0.32,0.556,0.124
30.9,0,Beginner,0.652,0.652,0.332,0.016
43.1,1,Intermediate,0.492,0.368,0.492,0.14
76.6,2,Expert,0.916,0.067,0.017,0.916
20.8,0,Beginner,0.907,0.907,0.039,0.054
17.1,0,Beginner,0.934,0.934,0.024,0.042
66.4,2,Expert,0.919,0.011,0.07,0.919
77.4,2,Expert,0.901,0.055,0.044,0.901
67.4,2,Expert,0.864,0.03,0.107,0.864
55.8,1,Intermediate,0.799,0.026,0.799,0.174
74.0,2,Expert,0.901,0.015,0.084,0.901
68.5,2,Expert,0.697,0.035,0.268,0.697
73.8,2,Expert,0.565,0.038,0.398,0.565
50.0,1,Intermediate,0.815,0.039,0.815,0.146
51.1,1,Intermediate,0.826,0.039,0.826,0.135
27.3,0,Beginner,0.668,0.668,0.292,0.04
22.2,0,Beginner,0.926,0.926,0.028,0.047
51.9,1,Intermediate,0.892,0.087,0.892,0.021
55.5,1,Intermediate,0.519,0.194,0.519,0.287
57.9,1,Intermediate,0.632,0.025,0.632,0.342
19.1,0,Beginner,0.888,0.888,0.096,0.016
81.3,2,Expert,0.931,0.028,0.041,0.931
22.6,0,Beginner,0.912,0.912,0.078,0.01
20.7,0,Beginner,0.929,0.929,0.055,0.016
43.2,1,Intermediate,0.865,0.094,0.865,0.041
50.2,1,Intermediate,0.81,0.151,0.81,0.039
41.2,1,Intermediate,0.84,0.12,0.84,0.04
15.0,0,Beginner,0.818,0.818,0.093,0.089
53.4,1,Intermediate,0.848,0.043,0.848,0.109
69.7,2,Expert,0.605,0.033,0.362,0.605
49.2,1,Intermediate,0.884,0.082,0.884,0.034
76.1,2,Expert,0.89,0.055,0.055,0.89
70.3,2,Expert,0.72,0.031,0.249,0.72
16.1,0,Beginner,0.938,0.938,0.039,0.023
49.8,1,Intermediate,0.759,0.052,0.759,0.19
26.2,0,Beginner,0.773,0.773,0.152,0.074
70.4,2,Expert,0.546,0.046,0.408,0.546
55.8,1,Intermediate,0.602,0.015,0.602,0.384
25.8,0,Beginner,0.915,0.915,0.051,0.034
27.3,0,Beginner,0.653,0.653,0.325,0.023
31.0,0,Beginner,0.873,0.873,0.094,0.032
48.8,1,Intermediate,0.613,0.313,0.613,0.074
81.5,2,Expert,0.92,0.062,0.019,0.92
17.6,0,Beginner,0.924,0.924,0.014,0.062
61.2,1,Intermediate,0.851,0.031,0.851,0.118
75.4,2,Expert,0.92,0.044,0.037,0.92
47.4,1,Intermediate,0.898,0.068,0.898,0.034
25.6,0,Beginner,0.845,0.845,0.14,0.014
25.7,0,Beginner,0.645,0.645,0.332,0.023
40.5,1,Intermediate,0.699,0.256,0.699,0.045
21.8,0,Beginner,0.889,0.889,0.086,0.025
24.1,0,Beginner,0.927,0.927,0.063,0.011
53.9,1,Intermediate,0.789,0.029,0.789,0.182
45.4,1,Intermediate,0.825,0.143,0.825,0.032
49.7,1,Intermediate,0.867,0.062,0.867,0.071
80.4,2,Expert,0.934,0.027,0.039,0.934
42.8,1,Intermediate,0.797,0.182,0.797,0.02
31.0,0,Beginner,0.89,0.89,0.094,0.016
24.7,0,Beginner,0.921,0.921,0.014,0.065
55.4,1,Intermediate,0.9,0.056,0.9,0.043
71.7,2,Expert,0.817,0.028,0.155,0.817
75.0,2,Expert,0.892,0.052,0.056,0.892
72.1,2,Expert,0.797,0.023,0.18,0.797
19.8,0,Beginner,0.935,0.935,0.04,0.025
74.9,2,Expert,0.864,0.032,0.104,0.864
71.5,2,Expert,0.535,0.12,0.345,0.535
82.1,2,Expert,0.78,0.154,0.066,0.78
75.5,2,Expert,0.918,0.029,0.053,0.918
70.5,2,Expert,0.564,0.045,0.392,0.564
80.0,2,Expert,0.85,0.019,0.131,0.85
74.5,2,Expert,0.68,0.029,0.291,0.68
56.4,1,Intermediate,0.725,0.083,0.725,0.192
57.9,1,Intermediate,0.765,0.02,0.765,0.216
21.1,0,Beginner,0.917,0.917,0.011,0.072
48.0,1,Intermediate,0.841,0.101,0.841,0.058
55.6,1,Intermediate,0.747,0.109,0.747,0.145
74.0,2,Expert,0.903,0.028,0.069,0.903
42.0,1,Intermediate,0.75,0.092,0.75,0.158
28.9,0,Beginner,0.717,0.717,0.209,0.074
57.7,1,Intermediate,0.582,0.113,0.582,0.305
44.8,1,Intermediate,0.772,0.181,0.772,0.047
42.5,1,Intermediate,0.747,0.228,0.747,0.025
50.1,1,Intermediate,0.86,0.087,0.86,0.054
14.9,0,Beginner,0.934,0.934,0.052,0.014
55.2,1,Intermediate,0.875,0.023,0.875,0.102
44.4,1,Intermediate,0.812,0.065,0.812,0.124
21.6,0,Beginner,0.85,0.85,0.121,0.029
19.1,0,Beginner,0.925,0.925,0.01,0.066
50.0,1,Intermediate,0.858,0.111,0.858,0.031
72.1,2,Expert,0.87,0.017,0.113,0.87
45.9,1,Intermediate,0.592,0.381,0.592,0.028
31.8,0,Beginner,0.859,0.859,0.119,0.022
26.2,0,Beginner,0.916,0.916,0.07,0.015
43.2,1,Intermediate,0.768,0.206,0.768,0.026
46.0,1,Intermediate,0.905,0.038,0.905,0.057
65.9,2,Expert,0.597,0.031,0.372,0.597
77.7,2,Expert,0.879,0.021,0.1,0.879
50.7,1,Intermediate,0.879,0.046,0.879,0.076
27.3,0,Beginner,0.609,0.609,0.354,0.037
41.2,1,Intermediate,0.629,0.32,0.629,0.052
71.1,2,Expert,0.709,0.019,0.271,0.709
24.5,0,Beginner,0.871,0.871,0.111,0.018
49.4,1,Intermediate,0.823,0.04,0.823,0.137
17.1,0,Beginner,0.921,0.921,0.016,0.064
70.4,2,Expert,0.633,0.034,0.333,0.633
26.9,0,Beginner,0.796,0.796,0.184,0.02
75.6,2,Expert,0.914,0.022,0.064,0.914
80.4,2,Expert,0.929,0.012,0.059,0.929
74.4,2,Expert,0.722,0.023,0.256,0.722
53.6,1,Intermediate,0.766,0.169,0.766,0.065
26.1,0,Beginner,0.596,0.596,0.386,0.018
49.7,1,Intermediate,0.737,0.213,0.737,0.051
20.7,0,Beginner,0.889,0.889,0.084,0.028
76.9,2,Expert,0.92,0.029,0.05,0.92
51.3,1,Intermediate,0.829,0.034,0.829,0.137
13.3,0,Beginner,0.933,0.933,0.056,0.011
71.5,2,Expert,0.487,0.033,0.48,0.487
27.3,0,Beginner,0.859,0.859,0.124,0.017
27.9,0,Beginner,0.864,0.864,0.086,0.049
19.7,0,Beginner,0.824,0.824,0.065,0.111
81.1,2,Expert,0.91,0.021,0.07,0.91
41.4,1,Intermediate,0.572,0.384,0.572,0.045
49.9,1,Intermediate,0.92,0.033,0.92,0.047
49.9,1,Intermediate,0.871,0.015,0.871,0.114
33.3,0,Beginner,0.861,0.861,0.107,0.032
23.2,0,Beginner,0.929,0.929,0.046,0.025
65.3,2,Expert,0.512,0.028,0.46,0.512
27.0,0,Beginner,0.784,0.784,0.176,0.04
69.3,2,Expert,0.716,0.039,0.245,0.716
18.5,0,Beginner,0.938,0.938,0.009,0.053
23.2,0,Beginner,0.853,0.853,0.092,0.055
20.0,0,Beginner,0.926,0.926,0.045,0.029
19.5,0,Beginner,0.92,0.92,0.068,0.012
23.4,0,Beginner,0.909,0.909,0.044,0.047
51.8,1,Intermediate,0.551,0.042,0.551,0.408
70.0,2,Expert,0.49,0.02,0.49,0.49
17.1,0,Beginner,0.923,0.923,0.017,0.06
67.5,2,Expert,0.793,0.031,0.176,0.793
20.3,0,Beginner,0.668,0.668,0.31,0.022
72.5,2,Expert,0.696,0.086,0.218,0.696
23.8,0,Beginner,0.883,0.883,0.099,0.017
26.1,0,Beginner,0.905,0.905,0.08,0.015
28.7,0,Beginner,0.889,0.889,0.074,0.038
77.3,2,Expert,0.915,0.013,0.073,0.915
77.6,2,Expert,0.888,0.083,0.029,0.888
41.0,1,Intermediate,0.815,0.136,0.815,0.049
26.6,0,Beginner,0.805,0.805,0.184,0.011
74.7,2,Expert,0.853,0.017,0.13,0.853
53.7,1,Intermediate,0.51,0.044,0.51,0.446
78.7,2,Expert,0.936,0.01,0.053,0.936
43.3,1,Intermediate,0.632,0.341,0.632,0.027
32.3,0,Beginner,0.627,0.627,0.353,0.019
75.0,2,Expert,0.853,0.019,0.129,0.853
51.2,1,Intermediate,0.86,0.047,0.86,0.093
25.3,0,Beginner,0.899,0.899,0.036,0.065
23.8,0,Beginner,0.934,0.934,0.054,0.011
68.5,2,Expert,0.782,0.026,0.192,0.782
29.5,0,Beginner,0.803,0.803,0.178,0.019
37.9,0,Beginner,0.684,0.684,0.303,0.013
82.4,2,Expert,0.927,0.046,0.027,0.927
41.3,1,Intermediate,0.467,0.45,0.467,0.084
24.9,0,Beginner,0.821,0.821,0.16,0.019
49.2,1,Intermediate,0.835,0.116,0.835,0.049
78.5,2,Expert,0.733,0.027,0.241,0.733
27.1,0,Beginner,0.532,0.532,0.444,0.024
20.6,0,Beginner,0.916,0.916,0.03,0.055
44.1,1,Intermediate,0.827,0.158,0.827,0.015
50.9,1,Intermediate,0.78,0.196,0.78,0.023
47.9,1,Intermediate,0.818,0.024,0.818,0.158
25.0,0,Beginner,0.896,0.896,0.095,0.009
73.8,2,Expert,0.864,0.039,0.096,0.864
74.8,2,Expert,0.9,0.024,0.076,0.9
29.9,0,Beginner,0.912,0.912,0.026,0.062
21.7,0,Beginner,0.856,0.856,0.113,0.031
45.1,1,Intermediate,0.852,0.119,0.852,0.029
42.6,1,Intermediate,0.49,0.481,0.49,0.03
21.8,0,Beginner,0.911,0.911,0.073,0.017
58.4,1,Intermediate,0.641,0.041,0.641,0.319
59.6,1,Intermediate,0.647,0.019,0.647,0.334
15.2,0,Beginner,0.921,0.921,0.07,0.01
20.7,0,Beginner,0.929,0.929,0.014,0.057
73.6,2,Expert,0.814,0.06,0.125,0.814
15.7,0,Beginner,0.865,0.865,0.097,0.038
53.1,1,Intermediate,0.637,0.022,0.637,0.341
31.6,0,Beginner,0.542,0.542,0.431,0.027
75.4,2,Expert,0.925,0.014,0.061,0.925
67.2,2,Expert,0.876,0.017,0.107,0.876
79.6,2,Expert,0.915,0.033,0.052,0.915
49.5,1,Intermediate,0.758,0.173,0.758,0.069
72.4,2,Expert,0.933,0.013,0.054,0.933
74.6,2,Expert,0.858,0.023,0.118,0.858
26.3,0,Beginner,0.897,0.897,0.035,0.068
75.3,2,Expert,0.743,0.02,0.237,0.743
25.6,0,Beginner,0.59,0.59,0.34,0.07
27.2,0,Beginner,0.915,0.915,0.034,0.051
26.6,0,Beginner,0.426,0.426,0.244,0.331
49.9,1,Intermediate,0.833,0.045,0.833,0.122
54.1,1,Intermediate,0.578,0.039,0.578,0.383
66.8,2,Expert,0.64,0.015,0.344,0.64
72.8,2,Expert,0.714,0.018,0.267,0.714
14.4,0,Beginner,0.936,0.936,0.036,0.028
24.9,0,Beginner,0.926,0.926,0.059,0.015
40.7,1,Intermediate,0.615,0.34,0.615,0.046
33.3,0,Beginner,0.776,0.776,0.169,0.054
25.1,0,Beginner,0.887,0.887,0.046,0.067
34.1,0,Beginner,0.503,0.503,0.456,0.041
25.6,0,Beginner,0.887,0.887,0.105,0.009
79.6,2,Expert,0.923,0.011,0.066,0.923
33.2,0,Beginner,0.733,0.733,0.249,0.018
68.0,2,Expert,0.638,0.022,0.34,0.638
21.1,0,Beginner,0.888,0.888,0.048,0.065
24.8,0,Beginner,0.862,0.862,0.067,0.072
72.5,2,Expert,0.841,0.023,0.136,0.841
69.2,2,Expert,0.907,0.016,0.077,0.907
47.4,1,Intermediate,0.901,0.079,0.901,0.02
24.8,0,Beginner,0.83,0.83,0.116,0.054
77.1,2,Expert,0.905,0.033,0.062,0.905
48.5,1,Intermediate,0.463,0.122,0.463,0.415
84.1,2,Expert,0.925,0.065,0.01,0.925
19.1,0,Beginner,0.915,0.915,0.071,0.014
31.2,0,Beginner,0.602,0.602,0.303,0.095
54.7,1,Intermediate,0.827,0.147,0.827,0.026
77.8,2,Expert,0.911,0.016,0.073,0.911
74.1,2,Expert,0.83,0.027,0.143,0.83
29.2,0,Beginner,0.9,0.9,0.046,0.055
17.4,0,Beginner,0.94,0.94,0.023,0.037
52.0,1,Intermediate,0.879,0.082,0.879,0.038
70.1,2,Expert,0.928,0.012,0.06,0.928
81.5,2,Expert,0.927,0.062,0.01,0.927
75.7,2,Expert,0.878,0.072,0.049,0.878
69.2,2,Expert,0.64,0.039,0.321,0.64
41.1,1,Intermediate,0.645,0.323,0.645,0.031
29.1,0,Beginner,0.785,0.785,0.196,0.019
14.5,0,Beginner,0.932,0.932,0.028,0.041
57.3,1,Intermediate,0.653,0.03,0.653,0.317
20.3,0,Beginner,0.92,0.92,0.036,0.044
69.6,2,Expert,0.792,0.068,0.14,0.792
65.4,2,Expert,0.912,0.027,0.061,0.912
25.0,0,Beginner,0.867,0.867,0.119,0.014
46.8,1,Intermediate,0.786,0.187,0.786,0.027
16.2,0,Beginner,0.921,0.921,0.011,0.068
74.7,2,Expert,0.926,0.048,0.026,0.926
85.6,2,Expert,0.928,0.015,0.057,0.928
53.0,1,Intermediate,0.9,0.07,0.9,0.03
50.5,1,Intermediate,0.685,0.078,0.685,0.237
50.2,1,Intermediate,0.683,0.021,0.683,0.296
50.1,1,Intermediate,0.84,0.036,0.84,0.124
54.2,1,Intermediate,0.626,0.02,0.626,0.355
23.9,0,Beginner,0.931,0.931,0.024,0.044
46.0,1,Intermediate,0.839,0.077,0.839,0.084
74.6,2,Expert,0.892,0.021,0.086,0.892
31.5,0,Beginner,0.701,0.701,0.277,0.023
18.8,0,Beginner,0.874,0.874,0.088,0.038
27.4,0,Beginner,0.912,0.912,0.063,0.025
78.8,2,Expert,0.898,0.016,0.087,0.898
77.5,2,Expert,0.925,0.049,0.026,0.925
21.4,0,Beginner,0.935,0.935,0.023,0.042
48.8,1,Intermediate,0.745,0.216,0.745,0.039
72.0,2,Expert,0.679,0.027,0.294,0.679
19.4,0,Beginner,0.937,0.937,0.038,0.024
65.4,2,Expert,0.52,0.115,0.365,0.52
73.2,2,Expert,0.871,0.023,0.106,0.871
76.9,2,Expert,0.806,0.04,0.154,0.806
78.9,2,Expert,0.886,0.017,0.097,0.886
33.8,0,Beginner,0.73,0.73,0.225,0.045
43.5,1,Intermediate,0.707,0.278,0.707,0.015
20.6,0,Beginner,0.916,0.916,0.023,0.061
80.8,2,Expert,0.902,0.048,0.05,0.902
47.1,1,Intermediate,0.882,0.097,0.882,0.021
71.1,2,Expert,0.831,0.02,0.149,0.831
83.2,2,Expert,0.933,0.026,0.041,0.933
74.5,2,Expert,0.853,0.023,0.124,0.853
22.4,0,Beginner,0.907,0.907,0.022,0.071
21.2,0,Beginner,0.79,0.79,0.105,0.105
74.2,2,Expert,0.88,0.015,0.104,0.88
72.9,2,Expert,0.488,0.057,0.455,0.488
22.3,0,Beginner,0.927,0.927,0.064,0.009
43.5,1,Intermediate,0.643,0.22,0.643,0.137
42.8,1,Intermediate,0.857,0.081,0.857,0.062
26.7,0,Beginner,0.704,0.704,0.27,0.025
54.0,1,Intermediate,0.789,0.075,0.789,0.136
50.8,1,Intermediate,0.855,0.11,0.855,0.034
77.6,2,Expert,0.934,0.011,0.055,0.934
35.3,0,Beginner,0.832,0.832,0.152,0.016
45.7,1,Intermediate,0.55,0.288,0.55,0.162
29.7,0,Beginner,0.823,0.823,0.168,0.009
26.3,0,Beginner,0.936,0.936,0.055,0.009
45.7,1,Intermediate,0.815,0.168,0.815,0.017
53.3,1,Intermediate,0.837,0.026,0.837,0.137
80.4,2,Expert,0.933,0.041,0.025,0.933
44.3,1,Intermediate,0.665,0.294,0.665,0.04
44.9,1,Intermediate,0.615,0.328,0.615,0.057
54.4,1,Intermediate,0.515,0.055,0.515,0.43
45.8,1,Intermediate,0.829,0.056,0.829,0.114
43.1,1,Intermediate,0.495,0.49,0.495,0.015
57.9,1,Intermediate,0.761,0.034,0.761,0.205
42.5,1,Intermediate,0.795,0.112,0.795,0.093
45.8,1,Intermediate,0.746,0.212,0.746,0.042
29.5,0,Beginner,0.687,0.687,0.274,0.039
84.2,2,Expert,0.935,0.042,0.024,0.935
23.9,0,Beginner,0.891,0.891,0.077,0.033
74.2,2,Expert,0.915,0.02,0.065,0.915
77.0,2,Expert,0.912,0.014,0.074,0.912
72.7,2,Expert,0.695,0.022,0.283,0.695
26.3,0,Beginner,0.909,0.909,0.062,0.03
47.8,1,Intermediate,0.875,0.086,0.875,0.039
50.0,1,Intermediate,0.86,0.095,0.86,0.045
73.5,2,Expert,0.629,0.025,0.346,0.629
54.9,1,Intermediate,0.86,0.12,0.86,0.02
32.5,0,Beginner,0.535,0.535,0.447,0.017
80.7,2,Expert,0.914,0.045,0.041,0.914
20.3,0,Beginner,0.924,0.924,0.015,0.061
67.0,2,Expert,0.856,0.018,0.126,0.856
33.3,0,Beginner,0.528,0.528,0.417,0.055
37.4,1,Intermediate,0.708,0.207,0.708,0.085
81.1,2,Expert,0.93,0.01,0.059,0.93
20.8,0,Beginner,0.92,0.92,0.027,0.053
32.6,0,Beginner,0.813,0.813,0.169,0.018
42.9,1,Intermediate,0.836,0.092,0.836,0.072
21.8,0,Beginner,0.926,0.926,0.043,0.03
26.2,0,Beginner,0.883,0.883,0.078,0.039
75.9,2,Expert,0.629,0.024,0.346,0.629
40.2,1,Intermediate,0.537,0.411,0.537,0.052
28.6,0,Beginner,0.808,0.808,0.172,0.019
77.6,2,Expert,0.93,0.046,0.024,0.93
77.4,2,Expert,0.893,0.075,0.032,0.893
31.1,0,Beginner,0.865,0.865,0.106,0.029
77.3,2,Expert,0.923,0.033,0.043,0.923
83.7,2,Expert,0.931,0.03,0.039,0.931
31.4,0,Beginner,0.855,0.855,0.13,0.015
65.4,2,Expert,0.848,0.093,0.06,0.848
81.0,2,Expert,0.923,0.012,0.065,0.923
34.2,0,Beginner,0.476,0.476,0.459,0.065
72.4,2,Expert,0.797,0.022,0.181,0.797
69.0,2,Expert,0.73,0.032,0.238,0.73
48.1,1,Intermediate,0.608,0.047,0.608,0.344
76.1,2,Expert,0.881,0.015,0.103,0.881
47.4,1,Intermediate,0.698,0.033,0.698,0.269
81.2,2,Expert,0.93,0.028,0.042,0.93
71.2,2,Expert,0.553,0.042,0.405,0.553
29.8,0,Beginner,0.73,0.73,0.212,0.058
75.3,2,Expert,0.918,0.015,0.067,0.918
34.5,1,Intermediate,0.526,0.449,0.526,0.025
69.2,2,Expert,0.83,0.018,0.152,0.83
19.7,0,Beginner,0.841,0.841,0.141,0.019
24.9,0,Beginner,0.917,0.917,0.019,0.064
69.6,2,Expert,0.711,0.011,0.278,0.711
71.2,2,Expert,0.898,0.062,0.04,0.898
41.9,1,Intermediate,0.752,0.21,0.752,0.037
18.6,0,Beginner,0.939,0.939,0.053,0.008
16.4,0,Beginner,0.923,0.923,0.012,0.065
79.2,2,Expert,0.896,0.065,0.039,0.896
23.8,0,Beginner,0.902,0.902,0.088,0.01
29.3,0,Beginner,0.76,0.76,0.085,0.155
21.0,0,Beginner,0.882,0.882,0.102,0.016
72.9,2,Expert,0.827,0.038,0.135,0.827
14.5,0,Beginner,0.934,0.934,0.036,0.03
53.8,1,Intermediate,0.709,0.034,0.709,0.258
75.0,2,Expert,0.872,0.023,0.106,0.872
76.5,2,Expert,0.882,0.018,0.1,0.882
51.5,1,Intermediate,0.654,0.278,0.654,0.068
54.6,1,Intermediate,0.886,0.078,0.886,0.036
75.9,2,Expert,0.738,0.022,0.24,0.738
71.4,2,Expert,0.819,0.017,0.164,0.819
22.9,0,Beginner,0.913,0.913,0.076,0.011
19.6,0,Beginner,0.92,0.92,0.059,0.021
24.0,0,Beginner,0.775,0.775,0.206,0.02
72.1,2,Expert,0.872,0.02,0.108,0.872
22.6,0,Beginner,0.855,0.855,0.106,0.04
24.0,0,Beginner,0.618,0.618,0.362,0.02
48.6,1,Intermediate,0.823,0.03,0.823,0.147
22.9,0,Beginner,0.709,0.709,0.242,0.049
73.6,2,Expert,0.873,0.017,0.11,0.873
50.0,1,Intermediate,0.698,0.04,0.698,0.262
17.0,0,Beginner,0.916,0.916,0.041,0.042
45.3,1,Intermediate,0.901,0.061,0.901,0.038
70.7,2,Expert,0.872,0.024,0.104,0.872
25.9,0,Beginner,0.934,0.934,0.04,0.025
44.8,1,Intermediate,0.767,0.183,0.767,0.05
21.0,0,Beginner,0.915,0.915,0.016,0.069
51.2,1,Intermediate,0.883,0.031,0.883,0.086
73.8,2,Expert,0.923,0.015,0.062,0.923
19.5,0,Beginner,0.917,0.917,0.069,0.014
24.8,0,Beginner,0.864,0.864,0.12,0.017
74.0,2,Expert,0.701,0.039,0.26,0.701
75.0,2,Expert,0.894,0.02,0.086,0.894
51.5,1,Intermediate,0.908,0.072,0.908,0.02
71.4,2,Expert,0.668,0.045,0.287,0.668
50.4,1,Intermediate,0.775,0.035,0.775,0.19
76.3,2,Expert,0.923,0.014,0.063,0.923
27.6,0,Beginner,0.875,0.875,0.111,0.014
31.5,0,Beginner,0.655,0.655,0.302,0.043
80.5,2,Expert,0.906,0.016,0.078,0.906
77.4,2,Expert,0.798,0.019,0.183,0.798
73.9,2,Expert,0.906,0.021,0.073,0.906
76.9,2,Expert,0.916,0.05,0.034,0.916
71.5,2,Expert,0.926,0.029,0.045,0.926
81.4,2,Expert,0.931,0.014,0.055,0.931
77.2,2,Expert,0.925,0.031,0.045,0.925
46.8,1,Intermediate,0.876,0.042,0.876,0.082
20.4,0,Beginner,0.915,0.915,0.051,0.035
38.1,1,Intermediate,0.513,0.405,0.513,0.082
30.0,0,Beginner,0.889,0.889,0.094,0.018
54.4,1,Intermediate,0.771,0.033,0.771,0.196
47.8,1,Intermediate,0.871,0.08,0.871,0.049
54.2,1,Intermediate,0.828,0.03,0.828,0.142
67.2,2,Expert,0.689,0.017,0.294,0.689
77.9,2,Expert,0.901,0.033,0.066,0.901
55.5,1,Intermediate,0.68,0.042,0.68,0.278
72.0,2,Expert,0.906,0.051,0.042,0.906
26.4,0,Beginner,0.925,0.925,0.064,0.012
18.8,0,Beginner,0.889,0.889,0.052,0.059
49.7,1,Intermediate,0.806,0.121,0.806,0.073
75.9,2,Expert,0.894,0.022,0.084,0.894
67.0,2,Expert,0.727,0.049,0.224,0.727
70.2,2,Expert,0.894,0.06,0.046,0.894
29.5,0,Beginner,0.788,0.788,0.184,0.028
75.0,2,Expert,0.795,0.024,0.182,0.795
29.5,0,Beginner,0.77,0.77,0.221,0.009
48.0,1,Intermediate,0.77,0.032,0.77,0.198
73.8,2,Expert,0.928,0.015,0.057,0.928
48.5,1,Intermediate,0.851,0.083,0.851,0.066
78.8,2,Expert,0.904,0.035,0.061,0.904
82.1,2,Expert,0.931,0.015,0.054,0.931
46.1,1,Intermediate,0.479,0.453,0.479,0.067
52.9,1,Intermediate,0.665,0.056,0.665,0.279
64.5,2,Expert,0.538,0.024,0.438,0.538
71.6,2,Expert,0.842,0.038,0.12,0.842
19.6,0,Beginner,0.925,0.925,0.063,0.012
76.2,2,Expert,0.852,0.031,0.117,0.852
73.4,2,Expert,0.89,0.028,0.082,0.89
78.1,2,Expert,0.926,0.032,0.043,0.926
53.1,1,Intermediate,0.893,0.082,0.893,0.024
25.7,0,Beginner,0.756,0.756,0.22,0.025
80.4,2,Expert,0.931,0.029,0.039,0.931
46.3,1,Intermediate,0.876,0.05,0.876,0.074
22.2,0,Beginner,0.868,0.868,0.094,0.038
28.1,0,Beginner,0.909,0.909,0.061,0.03
54.1,1,Intermediate,0.761,0.018,0.761,0.221
43.2,1,Intermediate,0.887,0.081,0.887,0.032
76.3,2,Expert,0.858,0.064,0.078,0.858
27.0,0,Beginner,0.906,0.906,0.079,0.015
28.2,0,Beginner,0.864,0.864,0.124,0.012
47.6,1,Intermediate,0.723,0.208,0.723,0.068
41.8,1,Intermediate,0.895,0.038,0.895,0.067
73.1,2,Expert,0.79,0.021,0.19,0.79
77.2,2,Expert,0.911,0.062,0.027,0.911
43.5,1,Intermediate,0.896,0.068,0.896,0.036
15.8,0,Beginner,0.931,0.931,0.01,0.059
19.1,0,Beginner,0.919,0.919,0.032,0.049
73.7,2,Expert,0.914,0.037,0.05,0.914
75.4,2,Expert,0.867,0.013,0.12,0.867
27.3,0,Beginner,0.686,0.686,0.281,0.033
46.9,1,Intermediate,0.736,0.175,0.736,0.089
47.7,1,Intermediate,0.869,0.023,0.869,0.108
41.6,1,Intermediate,0.805,0.168,0.805,0.027
38.3,1,Intermediate,0.546,0.43,0.546,0.025
68.7,2,Expert,0.558,0.115,0.327,0.558
27.9,0,Beginner,0.931,0.931,0.042,0.026
15.0,0,Beginner,0.926,0.926,0.014,0.06
83.4,2,Expert,0.925,0.009,0.066,0.925
77.3,2,Expert,0.908,0.055,0.037,0.908
73.0,2,Expert,0.79,0.037,0.173,0.79
35.2,0,Beginner,0.73,0.73,0.231,0.039
40.8,1,Intermediate,0.886,0.096,0.886,0.018
82.8,2,Expert,0.887,0.009,0.104,0.887
73.4,2,Expert,0.755,0.026,0.219,0.755
74.2,2,Expert,0.938,0.009,0.053,0.938
81.2,2,Expert,0.93,0.047,0.023,0.93
79.1,2,Expert,0.911,0.031,0.058,0.911
55.9,1,Intermediate,0.667,0.057,0.667,0.276
75.4,2,Expert,0.893,0.074,0.032,0.893
70.8,2,Expert,0.588,0.05,0.362,0.588
21.6,0,Beginner,0.834,0.834,0.15,0.016
51.9,1,Intermediate,0.749,0.09,0.749,0.161
25.7,0,Beginner,0.893,0.893,0.085,0.021
45.9,1,Intermediate,0.835,0.138,0.835,0.027
33.4,0,Beginner,0.508,0.508,0.464,0.029
57.5,1,Intermediate,0.788,0.073,0.788,0.139
79.9,2,Expert,0.917,0.024,0.058,0.917
77.7,2,Expert,0.912,0.013,0.075,0.912
80.7,2,Expert,0.936,0.022,0.042,0.936
76.4,2,Expert,0.828,0.016,0.156,0.828
28.4,0,Beginner,0.919,0.919,0.042,0.038
77.7,2,Expert,0.593,0.026,0.381,0.593
65.3,2,Expert,0.644,0.12,0.236,0.644
42.2,1,Intermediate,0.779,0.194,0.779,0.027
43.3,1,Intermediate,0.653,0.328,0.653,0.019
40.9,1,Intermediate,0.491,0.432,0.491,0.077
41.2,1,Intermediate,0.645,0.316,0.645,0.039
26.4,0,Beginner,0.719,0.719,0.219,0.063
48.6,1,Intermediate,0.863,0.018,0.863,0.118
45.7,1,Intermediate,0.655,0.283,0.655,0.062
20.4,0,Beginner,0.922,0.922,0.063,0.015
56.8,1,Intermediate,0.777,0.048,0.777,0.175
30.6,0,Beginner,0.915,0.915,0.075,0.01
68.5,2,Expert,0.907,0.027,0.066,0.907
20.7,0,Beginner,0.914,0.914,0.057,0.029
27.6,0,Beginner,0.636,0.636,0.345,0.019
34.2,0,Beginner,0.632,0.632,0.34,0.028
76.8,2,Expert,0.888,0.037,0.076,0.888
28.1,0,Beginner,0.837,0.837,0.141,0.022
58.1,1,Intermediate,0.788,0.026,0.788,0.187
16.7,0,Beginner,0.9,0.9,0.036,0.065
52.1,1,Intermediate,0.901,0.08,0.901,0.019
81.9,2,Expert,0.933,0.031,0.036,0.933
73.3,2,Expert,0.88,0.017,0.103,0.88
47.8,1,Intermediate,0.595,0.345,0.595,0.06
52.0,1,Intermediate,0.884,0.093,0.884,0.023
73.9,2,Expert,0.837,0.016,0.147,0.837
25.7,0,Beginner,0.9,0.9,0.078,0.022
32.4,0,Beginner,0.652,0.652,0.303,0.045
46.5,1,Intermediate,0.706,0.269,0.706,0.025
74.7,2,Expert,0.663,0.042,0.294,0.663
75.1,2,Expert,0.896,0.037,0.067,0.896
38.8,1,Intermediate,0.615,0.358,0.615,0.027
46.2,1,Intermediate,0.858,0.111,0.858,0.031
29.9,0,Beginner,0.876,0.876,0.104,0.02
83.7,2,Expert,0.936,0.014,0.05,0.936
20.2,0,Beginner,0.933,0.933,0.037,0.03
45.7,1,Intermediate,0.889,0.028,0.889,0.084
30.3,0,Beginner,0.81,0.81,0.176,0.014
24.6,0,Beginner,0.895,0.895,0.087,0.018
72.4,2,Expert,0.851,0.021,0.129,0.851
25.2,0,Beginner,0.642,0.642,0.332,0.025
22.5,0,Beginner,0.934,0.934,0.055,0.01
25.0,0,Beginner,0.723,0.723,0.255,0.022
45.9,1,Intermediate,0.803,0.161,0.803,0.036
42.8,1,Intermediate,0.902,0.052,0.902,0.046
41.8,1,Intermediate,0.825,0.148,0.825,0.027
26.1,0,Beginner,0.904,0.904,0.077,0.019
54.2,1,Intermediate,0.712,0.038,0.712,0.25
29.0,0,Beginner,0.66,0.66,0.296,0.044
43.0,1,Intermediate,0.825,0.026,0.825,0.148
20.5,0,Beginner,0.924,0.924,0.008,0.068
79.7,2,Expert,0.917,0.064,0.019,0.917
68.7,2,Expert,0.834,0.037,0.129,0.834
80.2,2,Expert,0.852,0.056,0.092,0.852
70.1,2,Expert,0.638,0.041,0.321,0.638
48.7,1,Intermediate,0.564,0.397,0.564,0.039
40.3,1,Intermediate,0.888,0.078,0.888,0.034
45.5,1,Intermediate,0.857,0.065,0.857,0.078
24.1,0,Beginner,0.791,0.791,0.158,0.051
74.7,2,Expert,0.879,0.022,0.099,0.879
24.6,0,Beginner,0.793,0.793,0.175,0.032
54.5,1,Intermediate,0.729,0.033,0.729,0.238
45.8,1,Intermediate,0.853,0.106,0.853,0.041
75.9,2,Expert,0.931,0.04,0.029,0.931
73.9,2,Expert,0.934,0.024,0.042,0.934
73.1,2,Expert,0.911,0.037,0.052,0.911
23.1,0,Beginner,0.819,0.819,0.16,0.021
18.4,0,Beginner,0.918,0.918,0.014,0.069
42.4,1,Intermediate,0.8,0.176,0.8,0.024
75.9,2,Expert,0.926,0.042,0.031,0.926
42.9,1,Intermediate,0.561,0.413,0.561,0.026
75.5,2,Expert,0.899,0.018,0.082,0.899
39.3,1,Intermediate,0.651,0.317,0.651,0.032
66.9,2,Expert,0.728,0.02,0.252,0.728
52.3,1,Intermediate,0.91,0.074,0.91,0.016
37.8,1,Intermediate,0.642,0.27,0.642,0.088
67.5,2,Expert,0.873,0.052,0.075,0.873
44.7,1,Intermediate,0.473,0.456,0.473,0.071
50.4,1,Intermediate,0.734,0.24,0.734,0.026
32.3,0,Beginner,0.639,0.639,0.337,0.023
79.4,2,Expert,0.914,0.013,0.072,0.914
69.6,2,Expert,0.892,0.016,0.092,0.892
73.1,2,Expert,0.885,0.033,0.082,0.885
44.6,1,Intermediate,0.89,0.08,0.89,0.03
29.0,0,Beginner,0.815,0.815,0.168,0.017
77.4,2,Expert,0.919,0.046,0.035,0.919
21.9,0,Beginner,0.914,0.914,0.03,0.057
24.3,0,Beginner,0.776,0.776,0.2,0.024
72.0,2,Expert,0.864,0.017,0.119,0.864
49.3,1,Intermediate,0.806,0.168,0.806,0.026
51.6,1,Intermediate,0.85,0.106,0.85,0.045
76.2,2,Expert,0.909,0.019,0.072,0.909
35.0,0,Beginner,0.776,0.776,0.2,0.025
46.2,1,Intermediate,0.814,0.099,0.814,0.087
75.1,2,Expert,0.837,0.03,0.133,0.837
50.4,1,Intermediate,0.781,0.066,0.781,0.153
25.6,0,Beginner,0.93,0.93,0.041,0.029
71.0,2,Expert,0.515,0.034,0.451,0.515
75.6,2,Expert,0.825,0.063,0.112,0.825
54.0,1,Intermediate,0.819,0.043,0.819,0.138
71.8,2,Expert,0.68,0.017,0.303,0.68
